Step,AliveRuns,AvgCommitters,AvgContributors
1,10000,1.00,0.20
2,9500,1.00,0.39
3,9017,1.00,0.59
4,8609,1.00,0.79
5,8240,1.00,0.98
6,7911,1.01,1.18
7,7610,1.01,1.39
8,7319,1.01,1.59
9,7052,1.01,1.78
10,6855,1.02,1.98
11,6662,1.02,2.17
12,6475,1.02,2.38
13,6329,1.03,2.57
14,6193,1.04,2.77
15,6046,1.04,2.95
16,5927,1.05,3.15
17,5824,1.05,3.34
18,5740,1.06,3.53
19,5651,1.07,3.71
20,5559,1.08,3.90
21,5481,1.09,4.09
22,5414,1.09,4.29
23,5350,1.10,4.49
24,5298,1.11,4.68
25,5251,1.12,4.87
26,5207,1.13,5.07
27,5168,1.14,5.26
28,5122,1.15,5.46
29,5096,1.16,5.65
30,5051,1.17,5.84
31,5020,1.17,6.03
32,4992,1.19,6.21
33,4970,1.20,6.39
34,4955,1.21,6.58
35,4935,1.22,6.77
36,4917,1.22,6.96
37,4898,1.23,7.15
38,4875,1.24,7.33
39,4851,1.25,7.52
40,4838,1.26,7.71
41,4825,1.28,7.90
42,4807,1.29,8.09
43,4796,1.30,8.28
44,4785,1.32,8.47
45,4774,1.33,8.65
46,4765,1.34,8.84
47,4756,1.35,9.02
48,4736,1.37,9.22
49,4731,1.38,9.41
50,4726,1.39,9.61
51,4712,1.41,9.78
52,4698,1.42,9.98
53,4686,1.43,10.15
54,4674,1.45,10.33
55,4665,1.46,10.52
56,4657,1.48,10.70
57,4646,1.49,10.89
58,4640,1.50,11.08
59,4636,1.52,11.26
60,4629,1.53,11.44
61,4621,1.55,11.62
62,4613,1.56,11.81
63,4601,1.57,12.01
64,4593,1.59,12.20
65,4581,1.61,12.39
66,4571,1.62,12.57
67,4566,1.64,12.75
68,4560,1.65,12.94
69,4555,1.67,13.13
70,4545,1.68,13.32
71,4538,1.70,13.50
72,4530,1.72,13.69
73,4526,1.74,13.88
74,4523,1.75,14.07
75,4515,1.77,14.27
76,4509,1.78,14.45
77,4503,1.80,14.63
78,4500,1.82,14.81
79,4492,1.84,15.00
80,4483,1.86,15.18
81,4477,1.88,15.37
82,4469,1.90,15.54
83,4460,1.92,15.73
84,4453,1.94,15.91
85,4448,1.95,16.09
86,4446,1.97,16.26
87,4441,1.99,16.44
88,4434,2.00,16.62
89,4428,2.02,16.80
90,4421,2.04,17.00
91,4411,2.07,17.19
92,4408,2.08,17.37
93,4404,2.11,17.54
94,4401,2.13,17.72
95,4396,2.15,17.91
96,4392,2.17,18.09
97,4390,2.19,18.27
98,4383,2.21,18.45
99,4372,2.24,18.63
100,4369,2.26,18.79
101,4366,2.28,18.98
102,4360,2.30,19.16
103,4356,2.32,19.35
104,4352,2.35,19.52
105,4345,2.37,19.71
106,4338,2.40,19.87
107,4332,2.43,20.04
108,4325,2.46,20.21
109,4319,2.48,20.39
110,4314,2.50,20.57
111,4309,2.52,20.75
112,4307,2.55,20.91
113,4301,2.57,21.10
114,4296,2.60,21.28
115,4292,2.63,21.45
116,4288,2.65,21.62
117,4285,2.68,21.80
118,4282,2.71,21.97
119,4282,2.73,22.15
120,4277,2.76,22.32
121,4273,2.79,22.48
122,4267,2.81,22.67
123,4264,2.84,22.84
124,4258,2.87,22.99
125,4255,2.90,23.15
126,4250,2.93,23.31
127,4246,2.96,23.49
128,4245,2.99,23.67
129,4242,3.02,23.84
130,4238,3.04,24.01
131,4236,3.08,24.17
132,4232,3.10,24.35
133,4228,3.13,24.52
134,4220,3.16,24.69
135,4217,3.19,24.85
136,4215,3.23,25.02
137,4213,3.26,25.18
138,4209,3.29,25.35
139,4208,3.32,25.53
140,4204,3.35,25.69
141,4200,3.38,25.86
142,4197,3.41,26.02
143,4193,3.44,26.20
144,4192,3.48,26.35
145,4189,3.51,26.52
146,4186,3.54,26.70
147,4185,3.57,26.85
148,4178,3.61,27.02
149,4176,3.65,27.19
150,4173,3.69,27.35
151,4171,3.72,27.51
152,4170,3.76,27.68
153,4167,3.80,27.85
154,4166,3.83,28.02
155,4162,3.87,28.18
156,4161,3.90,28.36
157,4157,3.93,28.53
158,4156,3.98,28.69
159,4153,4.02,28.83
160,4147,4.06,28.98
161,4146,4.10,29.16
162,4144,4.14,29.31
163,4142,4.18,29.49
164,4139,4.22,29.65
165,4138,4.26,29.82
166,4137,4.31,29.98
167,4137,4.34,30.15
168,4133,4.38,30.31
169,4127,4.43,30.47
170,4125,4.46,30.63
171,4124,4.50,30.78
172,4122,4.55,30.93
173,4120,4.59,31.09
174,4117,4.64,31.24
175,4116,4.69,31.38
176,4116,4.73,31.54
177,4116,4.77,31.70
178,4116,4.82,31.85
179,4113,4.87,31.99
180,4112,4.91,32.15
181,4110,4.95,32.31
182,4109,5.00,32.47
183,4106,5.05,32.61
184,4106,5.10,32.77
185,4104,5.14,32.91
186,4101,5.20,33.05
187,4100,5.24,33.20
188,4100,5.29,33.34
189,4097,5.34,33.50
190,4095,5.38,33.65
191,4091,5.44,33.78
192,4090,5.49,33.93
193,4087,5.53,34.09
194,4087,5.58,34.24
195,4083,5.64,34.38
196,4082,5.70,34.52
197,4081,5.75,34.66
198,4080,5.81,34.81
199,4079,5.86,34.96
200,4078,5.91,35.12
201,4076,5.96,35.26
202,4074,6.02,35.40
203,4074,6.08,35.53
204,4073,6.14,35.68
205,4071,6.19,35.81
206,4071,6.24,35.97
207,4068,6.31,36.10
208,4068,6.37,36.25
209,4066,6.43,36.40
210,4066,6.49,36.53
211,4066,6.54,36.68
212,4064,6.61,36.82
213,4064,6.67,36.96
214,4063,6.73,37.10
215,4061,6.79,37.24
216,4061,6.85,37.38
217,4061,6.91,37.52
218,4061,6.98,37.66
219,4059,7.04,37.79
220,4058,7.10,37.94
221,4057,7.17,38.07
222,4055,7.23,38.20
223,4053,7.30,38.33
224,4053,7.37,38.46
225,4053,7.43,38.59
226,4050,7.50,38.73
227,4048,7.57,38.85
228,4048,7.64,38.98
229,4048,7.70,39.11
230,4048,7.76,39.27
231,4047,7.83,39.40
232,4046,7.89,39.53
233,4046,7.95,39.66
234,4046,8.03,39.79
235,4045,8.09,39.92
236,4045,8.15,40.05
237,4045,8.22,40.18
238,4044,8.29,40.31
239,4043,8.36,40.45
240,4042,8.43,40.57
241,4040,8.51,40.68
242,4038,8.59,40.81
243,4036,8.66,40.95
244,4036,8.73,41.08
245,4036,8.80,41.23
246,4035,8.87,41.36
247,4033,8.95,41.49
248,4032,9.02,41.62
249,4031,9.10,41.74
250,4031,9.18,41.85
251,4030,9.25,41.98
252,4029,9.34,42.09
253,4029,9.42,42.21
254,4029,9.49,42.33
255,4028,9.58,42.44
256,4027,9.65,42.55
257,4027,9.73,42.67
258,4027,9.81,42.77
259,4027,9.89,42.89
260,4027,9.97,43.00
261,4027,10.05,43.12
262,4027,10.13,43.24
263,4026,10.22,43.35
264,4025,10.30,43.49
265,4025,10.38,43.60
266,4025,10.47,43.72
267,4024,10.55,43.85
268,4023,10.63,43.97
269,4022,10.71,44.10
270,4022,10.79,44.21
271,4022,10.86,44.36
272,4021,10.95,44.46
273,4020,11.03,44.59
274,4020,11.12,44.70
275,4020,11.20,44.81
276,4020,11.28,44.93
277,4020,11.37,45.04
278,4019,11.46,45.15
279,4019,11.55,45.28
280,4019,11.64,45.38
281,4019,11.73,45.49
282,4019,11.83,45.59
283,4018,11.92,45.71
284,4018,12.00,45.81
285,4016,12.10,45.92
286,4016,12.19,46.03
287,4015,12.28,46.12
288,4015,12.38,46.24
289,4014,12.47,46.35
290,4014,12.56,46.45
291,4014,12.65,46.57
292,4014,12.74,46.68
293,4014,12.83,46.81
294,4013,12.92,46.91
295,4013,13.01,47.03
296,4013,13.10,47.13
297,4013,13.20,47.23
298,4012,13.29,47.34
299,4012,13.38,47.44
300,4012,13.48,47.56
301,4012,13.57,47.67
302,4012,13.66,47.77
303,4012,13.76,47.87
304,4012,13.86,47.98
305,4012,13.95,48.08
306,4012,14.04,48.19
307,4012,14.13,48.30
308,4011,14.24,48.41
309,4010,14.34,48.51
310,4010,14.44,48.62
311,4009,14.55,48.72
312,4009,14.65,48.81
313,4009,14.74,48.92
314,4009,14.83,49.03
315,4008,14.94,49.12
316,4008,15.04,49.23
317,4008,15.14,49.33
318,4008,15.24,49.43
319,4008,15.34,49.53
320,4007,15.44,49.62
321,4007,15.56,49.70
322,4006,15.66,49.80
323,4006,15.76,49.91
324,4006,15.86,50.00
325,4006,15.97,50.10
326,4005,16.07,50.20
327,4005,16.17,50.30
328,4005,16.27,50.41
329,4005,16.37,50.51
330,4004,16.48,50.62
331,4004,16.58,50.71
332,4004,16.69,50.82
333,4004,16.79,50.90
334,4004,16.90,51.00
335,4004,16.99,51.11
336,4004,17.11,51.20
337,4003,17.20,51.31
338,4003,17.30,51.41
339,4003,17.42,51.49
340,4003,17.52,51.58
341,4003,17.63,51.67
342,4003,17.74,51.76
343,4003,17.84,51.86
344,4003,17.95,51.94
345,4003,18.05,52.04
346,4003,18.16,52.12
347,4003,18.25,52.23
348,4003,18.36,52.31
349,4002,18.47,52.40
350,4002,18.57,52.49
351,4002,18.67,52.60
352,4002,18.78,52.68
353,4002,18.88,52.79
354,4002,19.00,52.89
355,4002,19.10,52.98
356,4002,19.21,53.05
357,4002,19.32,53.14
358,4002,19.43,53.24
359,4002,19.55,53.34
360,4001,19.67,53.43
361,4001,19.78,53.51
362,4001,19.89,53.60
363,4001,20.00,53.70
364,4001,20.11,53.79
365,4001,20.22,53.88
366,4001,20.32,53.98
367,4001,20.44,54.06
368,4001,20.56,54.14
369,4001,20.66,54.23
370,4001,20.77,54.32
371,4001,20.88,54.41
372,4001,20.99,54.50
373,4001,21.09,54.59
374,4000,21.20,54.69
375,4000,21.31,54.79
376,3999,21.42,54.88
377,3999,21.52,54.99
378,3999,21.63,55.10
379,3999,21.75,55.18
380,3999,21.86,55.26
381,3999,21.97,55.35
382,3999,22.08,55.43
383,3999,22.20,55.51
384,3999,22.31,55.60
385,3999,22.41,55.69
386,3999,22.52,55.79
387,3999,22.63,55.88
388,3999,22.74,55.99
389,3999,22.84,56.08
390,3999,22.96,56.16
391,3999,23.06,56.26
392,3999,23.17,56.35
393,3999,23.28,56.45
394,3999,23.40,56.53
395,3999,23.50,56.62
396,3999,23.61,56.71
397,3999,23.72,56.79
398,3999,23.82,56.89
399,3999,23.93,56.98
400,3999,24.04,57.07
401,3999,24.16,57.15
402,3999,24.27,57.24
403,3999,24.37,57.33
404,3999,24.48,57.42
405,3999,24.59,57.49
406,3999,24.71,57.57
407,3999,24.82,57.67
408,3998,24.94,57.74
409,3998,25.05,57.84
410,3998,25.17,57.93
411,3998,25.27,58.02
412,3998,25.38,58.11
413,3998,25.48,58.20
414,3998,25.59,58.29
415,3998,25.71,58.37
416,3998,25.82,58.46
417,3998,25.93,58.53
418,3997,26.04,58.63
419,3997,26.15,58.71
420,3997,26.26,58.80
421,3997,26.37,58.88
422,3996,26.49,58.98
423,3996,26.59,59.07
424,3995,26.71,59.15
425,3995,26.82,59.23
426,3995,26.92,59.34
427,3995,27.02,59.44
428,3995,27.14,59.52
429,3995,27.25,59.61
430,3995,27.36,59.71
431,3995,27.46,59.79
432,3995,27.57,59.90
433,3995,27.68,60.00
434,3995,27.79,60.09
435,3995,27.91,60.17
436,3995,28.03,60.26
437,3995,28.13,60.35
438,3995,28.25,60.43
439,3995,28.38,60.51
440,3995,28.48,60.61
441,3995,28.59,60.68
442,3995,28.69,60.78
443,3995,28.80,60.89
444,3995,28.90,60.97
445,3995,29.01,61.06
446,3995,29.11,61.15
447,3995,29.21,61.26
448,3995,29.32,61.36
449,3995,29.42,61.45
450,3995,29.54,61.53
451,3995,29.64,61.64
452,3995,29.75,61.74
453,3995,29.86,61.82
454,3995,29.97,61.92
455,3995,30.07,62.00
456,3995,30.19,62.08
457,3995,30.30,62.17
458,3995,30.41,62.26
459,3995,30.51,62.35
460,3995,30.62,62.44
461,3995,30.73,62.53
462,3995,30.83,62.64
463,3994,30.95,62.73
464,3994,31.06,62.82
465,3994,31.16,62.92
466,3994,31.26,63.03
467,3994,31.37,63.11
468,3994,31.48,63.21
469,3994,31.58,63.31
470,3994,31.69,63.40
471,3994,31.80,63.48
472,3994,31.91,63.56
473,3994,32.01,63.66
474,3994,32.12,63.74
475,3994,32.23,63.82
476,3994,32.33,63.93
477,3994,32.45,64.00
478,3994,32.56,64.09
479,3994,32.67,64.19
480,3994,32.78,64.28
481,3994,32.89,64.37
482,3994,32.99,64.48
483,3994,33.09,64.57
484,3994,33.19,64.67
485,3994,33.30,64.76
486,3994,33.42,64.86
487,3994,33.53,64.95
488,3994,33.63,65.05
489,3994,33.73,65.15
490,3994,33.83,65.25
491,3994,33.93,65.36
492,3994,34.03,65.46
493,3994,34.14,65.53
494,3994,34.24,65.63
495,3994,34.34,65.73
496,3994,34.44,65.82
497,3994,34.55,65.91
498,3994,34.66,66.01
499,3994,34.76,66.09
500,3994,34.87,66.19
501,3994,34.98,66.29
502,3994,35.08,66.40
503,3994,35.18,66.50
504,3994,35.28,66.59
505,3993,35.39,66.69
506,3993,35.49,66.79
507,3993,35.59,66.89
508,3993,35.70,66.98
509,3993,35.81,67.08
510,3993,35.91,67.18
511,3993,36.01,67.28
512,3993,36.12,67.38
513,3993,36.22,67.49
514,3993,36.33,67.59
515,3993,36.44,67.69
516,3993,36.54,67.80
517,3993,36.65,67.89
518,3993,36.75,67.99
519,3993,36.84,68.10
520,3993,36.96,68.19
521,3993,37.07,68.27
522,3993,37.17,68.36
523,3993,37.28,68.45
524,3993,37.38,68.55
525,3993,37.48,68.66
526,3993,37.58,68.77
527,3993,37.69,68.86
528,3993,37.80,68.94
529,3993,37.90,69.03
530,3993,38.01,69.13
531,3993,38.12,69.23
532,3993,38.23,69.32
533,3993,38.35,69.39
534,3993,38.45,69.48
535,3993,38.56,69.57
536,3993,38.66,69.67
537,3993,38.77,69.77
538,3993,38.87,69.86
539,3993,38.97,69.96
540,3993,39.07,70.05
541,3993,39.18,70.14
542,3993,39.27,70.24
543,3993,39.37,70.33
544,3993,39.47,70.42
545,3993,39.58,70.51
546,3993,39.69,70.61
547,3993,39.79,70.70
548,3993,39.89,70.80
549,3993,39.99,70.90
550,3993,40.09,70.99
551,3993,40.20,71.08
552,3993,40.30,71.18
553,3993,40.41,71.28
554,3993,40.51,71.37
555,3993,40.61,71.48
556,3993,40.72,71.57
557,3993,40.82,71.67
558,3993,40.92,71.77
559,3993,41.03,71.86
560,3993,41.13,71.96
561,3993,41.22,72.06
562,3993,41.33,72.16
563,3993,41.43,72.23
564,3993,41.53,72.33
565,3993,41.63,72.43
566,3993,41.73,72.52
567,3993,41.84,72.63
568,3993,41.93,72.73
569,3993,42.03,72.82
570,3993,42.14,72.92
571,3992,42.25,73.00
572,3992,42.34,73.11
573,3992,42.43,73.20
574,3992,42.54,73.28
575,3992,42.64,73.39
576,3992,42.74,73.50
577,3992,42.83,73.61
578,3992,42.94,73.70
579,3992,43.04,73.79
580,3992,43.14,73.90
581,3992,43.24,74.01
582,3992,43.33,74.10
583,3992,43.43,74.20
584,3992,43.53,74.29
585,3992,43.63,74.39
586,3992,43.73,74.49
587,3992,43.83,74.59
588,3992,43.93,74.69
589,3992,44.03,74.78
590,3992,44.14,74.86
591,3992,44.24,74.95
592,3992,44.35,75.05
593,3992,44.45,75.14
594,3992,44.56,75.24
595,3992,44.66,75.34
596,3992,44.76,75.44
597,3992,44.87,75.52
598,3992,44.97,75.63
599,3992,45.07,75.73
600,3992,45.17,75.83
601,3992,45.27,75.94
602,3992,45.37,76.03
603,3992,45.47,76.15
604,3992,45.57,76.25
605,3992,45.67,76.35
606,3992,45.77,76.45
607,3992,45.88,76.56
608,3992,45.97,76.66
609,3992,46.07,76.76
610,3992,46.17,76.87
611,3992,46.27,76.98
612,3992,46.39,77.06
613,3992,46.48,77.16
614,3992,46.58,77.26
615,3992,46.67,77.37
616,3992,46.78,77.46
617,3992,46.88,77.57
618,3992,46.98,77.67
619,3992,47.08,77.77
620,3992,47.18,77.89
621,3992,47.28,77.98
622,3992,47.37,78.10
623,3992,47.47,78.19
624,3992,47.58,78.27
625,3992,47.68,78.37
626,3992,47.78,78.47
627,3992,47.87,78.58
628,3992,47.97,78.66
629,3992,48.08,78.75
630,3992,48.17,78.84
631,3992,48.27,78.94
632,3992,48.37,79.05
633,3992,48.46,79.16
634,3992,48.56,79.26
635,3992,48.67,79.36
636,3992,48.76,79.47
637,3992,48.86,79.57
638,3992,48.96,79.67
639,3992,49.06,79.77
640,3992,49.16,79.87
641,3992,49.26,79.98
642,3992,49.35,80.09
643,3992,49.45,80.18
644,3992,49.55,80.29
645,3992,49.65,80.40
646,3992,49.74,80.50
647,3992,49.83,80.61
648,3991,49.94,80.71
649,3991,50.03,80.83
650,3991,50.14,80.93
651,3991,50.24,81.00
652,3991,50.34,81.12
653,3991,50.44,81.22
654,3991,50.54,81.31
655,3991,50.63,81.43
656,3991,50.73,81.52
657,3991,50.83,81.62
658,3991,50.93,81.72
659,3991,51.03,81.83
660,3991,51.12,81.94
661,3991,51.21,82.05
662,3991,51.32,82.15
663,3991,51.42,82.26
664,3991,51.53,82.35
665,3991,51.62,82.46
666,3991,51.71,82.57
667,3991,51.81,82.68
668,3991,51.90,82.78
669,3991,52.00,82.88
670,3991,52.10,82.98
671,3991,52.20,83.09
672,3991,52.30,83.19
673,3991,52.40,83.29
674,3991,52.49,83.39
675,3991,52.58,83.50
676,3991,52.69,83.60
677,3991,52.79,83.70
678,3991,52.88,83.82
679,3991,52.97,83.93
680,3991,53.08,84.02
681,3991,53.17,84.13
682,3991,53.27,84.23
683,3991,53.37,84.33
684,3991,53.46,84.45
685,3991,53.55,84.56
686,3991,53.65,84.66
687,3991,53.75,84.76
688,3991,53.85,84.87
689,3991,53.96,84.95
690,3991,54.05,85.06
691,3991,54.15,85.15
692,3991,54.24,85.25
693,3991,54.34,85.36
694,3991,54.44,85.48
695,3991,54.53,85.59
696,3991,54.63,85.69
697,3991,54.73,85.78
698,3991,54.83,85.89
699,3991,54.93,85.99
700,3991,55.02,86.10
701,3991,55.13,86.19
702,3991,55.22,86.30
703,3991,55.31,86.41
704,3991,55.40,86.52
705,3991,55.49,86.62
706,3991,55.58,86.73
707,3991,55.69,86.82
708,3991,55.79,86.92
709,3991,55.88,87.02
710,3991,55.99,87.12
711,3991,56.09,87.22
712,3991,56.19,87.33
713,3991,56.29,87.43
714,3991,56.38,87.53
715,3991,56.48,87.63
716,3991,56.57,87.73
717,3991,56.66,87.83
718,3991,56.76,87.93
719,3991,56.87,88.01
720,3991,56.96,88.11
721,3991,57.06,88.21
722,3991,57.14,88.33
723,3991,57.24,88.43
724,3991,57.34,88.52
725,3991,57.43,88.63
726,3991,57.53,88.73
727,3991,57.62,88.82
728,3991,57.72,88.92
729,3991,57.81,89.03
730,3991,57.91,89.14
731,3991,58.01,89.24
732,3991,58.10,89.34
733,3991,58.21,89.45
734,3991,58.31,89.55
735,3991,58.41,89.64
736,3991,58.51,89.74
737,3991,58.60,89.85
738,3991,58.70,89.95
739,3991,58.79,90.08
740,3991,58.88,90.19
741,3991,58.98,90.29
742,3991,59.08,90.39
743,3991,59.17,90.47
744,3991,59.27,90.58
745,3991,59.37,90.69
746,3991,59.47,90.79
747,3991,59.56,90.91
748,3991,59.66,91.01
749,3991,59.75,91.12
750,3991,59.84,91.22
751,3991,59.94,91.34
752,3991,60.03,91.45
753,3991,60.11,91.57
754,3991,60.21,91.68
755,3991,60.32,91.78
756,3991,60.41,91.88
757,3991,60.50,91.98
758,3991,60.59,92.08
759,3991,60.69,92.19
760,3991,60.79,92.29
761,3991,60.88,92.41
762,3991,60.99,92.50
763,3991,61.08,92.58
764,3991,61.18,92.68
765,3991,61.28,92.78
766,3991,61.38,92.87
767,3991,61.47,92.98
768,3991,61.57,93.08
769,3991,61.66,93.19
770,3991,61.76,93.28
771,3991,61.85,93.38
772,3991,61.94,93.50
773,3991,62.03,93.62
774,3991,62.14,93.72
775,3991,62.23,93.82
776,3991,62.32,93.92
777,3991,62.42,94.02
778,3991,62.51,94.12
779,3991,62.61,94.22
780,3991,62.71,94.32
781,3991,62.80,94.43
782,3991,62.89,94.56
783,3991,62.99,94.65
784,3991,63.08,94.77
785,3991,63.19,94.86
786,3991,63.28,94.97
787,3991,63.38,95.07
788,3991,63.48,95.17
789,3991,63.58,95.26
790,3991,63.67,95.37
791,3991,63.77,95.46
792,3991,63.86,95.58
793,3991,63.95,95.68
794,3991,64.05,95.79
795,3991,64.14,95.89
796,3991,64.24,95.98
797,3991,64.34,96.08
798,3991,64.43,96.19
799,3991,64.52,96.30
800,3991,64.63,96.40
801,3991,64.73,96.49
802,3991,64.82,96.59
803,3991,64.92,96.70
804,3991,65.02,96.81
805,3991,65.12,96.91
806,3991,65.22,97.03
807,3991,65.32,97.12
808,3991,65.42,97.22
809,3991,65.52,97.32
810,3991,65.61,97.43
811,3991,65.72,97.52
812,3991,65.81,97.65
813,3991,65.91,97.76
814,3991,66.00,97.85
815,3991,66.09,97.96
816,3991,66.19,98.05
817,3991,66.28,98.16
818,3991,66.39,98.24
819,3991,66.48,98.34
820,3991,66.57,98.44
821,3991,66.66,98.56
822,3991,66.76,98.67
823,3991,66.85,98.77
824,3991,66.94,98.89
825,3991,67.03,99.00
826,3991,67.13,99.11
827,3991,67.22,99.21
828,3991,67.32,99.30
829,3991,67.41,99.40
830,3991,67.52,99.50
831,3991,67.61,99.59
832,3991,67.70,99.70
833,3991,67.79,99.80
834,3991,67.89,99.92
835,3991,67.98,100.02
836,3991,68.08,100.12
837,3991,68.18,100.24
838,3991,68.26,100.35
839,3991,68.36,100.46
840,3991,68.46,100.55
841,3991,68.56,100.64
842,3991,68.65,100.76
843,3991,68.75,100.86
844,3991,68.84,100.97
845,3991,68.94,101.08
846,3991,69.03,101.19
847,3991,69.12,101.30
848,3991,69.21,101.39
849,3991,69.31,101.50
850,3991,69.41,101.61
851,3991,69.50,101.70
852,3991,69.60,101.80
853,3991,69.70,101.90
854,3991,69.79,102.02
855,3991,69.89,102.11
856,3991,69.98,102.23
857,3991,70.07,102.34
858,3991,70.18,102.44
859,3991,70.28,102.53
860,3991,70.38,102.63
861,3991,70.48,102.73
862,3991,70.58,102.82
863,3991,70.67,102.94
864,3991,70.76,103.05
865,3991,70.86,103.15
866,3991,70.96,103.24
867,3991,71.06,103.34
868,3991,71.15,103.44
869,3991,71.25,103.55
870,3991,71.36,103.64
871,3991,71.46,103.74
872,3991,71.57,103.84
873,3991,71.66,103.94
874,3991,71.76,104.05
875,3991,71.86,104.15
876,3991,71.95,104.25
877,3991,72.04,104.36
878,3991,72.14,104.48
879,3991,72.24,104.59
880,3991,72.34,104.70
881,3991,72.43,104.80
882,3991,72.53,104.91
883,3991,72.64,105.02
884,3991,72.73,105.12
885,3991,72.82,105.23
886,3991,72.92,105.34
887,3991,73.02,105.44
888,3991,73.12,105.54
889,3991,73.22,105.63
890,3991,73.31,105.74
891,3991,73.41,105.85
892,3991,73.50,105.95
893,3991,73.59,106.05
894,3991,73.69,106.15
895,3991,73.78,106.27
896,3991,73.87,106.36
897,3991,73.96,106.47
898,3991,74.05,106.57
899,3991,74.15,106.68
900,3991,74.24,106.79
901,3991,74.35,106.88
902,3991,74.44,107.00
903,3991,74.54,107.10
904,3991,74.64,107.20
905,3991,74.74,107.30
906,3991,74.84,107.40
907,3991,74.93,107.50
908,3991,75.03,107.60
909,3991,75.12,107.71
910,3991,75.22,107.81
911,3991,75.31,107.92
912,3991,75.40,108.03
913,3991,75.50,108.13
914,3991,75.60,108.24
915,3991,75.69,108.36
916,3991,75.78,108.46
917,3991,75.88,108.55
918,3991,75.97,108.65
919,3991,76.07,108.76
920,3991,76.16,108.87
921,3991,76.26,108.97
922,3991,76.35,109.08
923,3991,76.45,109.18
924,3991,76.54,109.30
925,3991,76.64,109.41
926,3991,76.74,109.51
927,3991,76.83,109.61
928,3991,76.94,109.70
929,3991,77.04,109.80
930,3991,77.12,109.90
931,3991,77.22,109.99
932,3991,77.31,110.09
933,3991,77.40,110.20
934,3991,77.49,110.31
935,3991,77.59,110.41
936,3991,77.68,110.52
937,3991,77.78,110.64
938,3991,77.88,110.73
939,3991,77.97,110.84
940,3991,78.07,110.93
941,3991,78.15,111.05
942,3991,78.25,111.16
943,3991,78.35,111.26
944,3991,78.44,111.38
945,3991,78.53,111.49
946,3991,78.63,111.59
947,3991,78.72,111.70
948,3991,78.82,111.80
949,3991,78.91,111.90
950,3991,79.02,111.99
951,3991,79.11,112.09
952,3991,79.21,112.18
953,3991,79.31,112.29
954,3991,79.40,112.39
955,3991,79.50,112.51
956,3991,79.60,112.61
957,3991,79.70,112.70
958,3991,79.80,112.80
959,3991,79.89,112.90
960,3991,79.99,113.01
961,3991,80.09,113.11
962,3991,80.19,113.20
963,3991,80.28,113.32
964,3991,80.38,113.42
965,3991,80.47,113.53
966,3991,80.57,113.63
967,3991,80.67,113.74
968,3991,80.76,113.85
969,3991,80.86,113.95
970,3991,80.96,114.04
971,3991,81.05,114.14
972,3991,81.15,114.23
973,3991,81.25,114.33
974,3991,81.34,114.44
975,3991,81.43,114.55
976,3991,81.52,114.65
977,3991,81.62,114.75
978,3991,81.71,114.85
979,3991,81.81,114.95
980,3991,81.91,115.05
981,3991,82.00,115.16
982,3991,82.10,115.25
983,3991,82.21,115.35
984,3991,82.30,115.46
985,3991,82.39,115.58
986,3991,82.49,115.67
987,3991,82.58,115.77
988,3991,82.68,115.87
989,3991,82.78,115.98
990,3991,82.88,116.07
991,3991,82.98,116.17
992,3991,83.07,116.28
993,3991,83.16,116.39
994,3991,83.26,116.49
995,3991,83.35,116.61
996,3991,83.44,116.72
997,3991,83.53,116.83
998,3991,83.63,116.93
999,3991,83.71,117.05
1000,3991,83.81,117.16
1001,3991,83.90,117.27
1002,3991,84.00,117.37
1003,3991,84.10,117.46
1004,3991,84.20,117.58
1005,3991,84.30,117.68
1006,3991,84.39,117.78
1007,3991,84.48,117.88
1008,3991,84.57,117.99
1009,3991,84.66,118.10
1010,3991,84.75,118.21
1011,3991,84.84,118.32
1012,3991,84.94,118.44
1013,3991,85.03,118.53
1014,3991,85.12,118.64
1015,3991,85.22,118.74
1016,3991,85.31,118.84
1017,3991,85.41,118.94
1018,3991,85.51,119.05
1019,3991,85.60,119.15
1020,3991,85.69,119.26
1021,3991,85.79,119.36
1022,3991,85.89,119.46
1023,3991,85.98,119.57
1024,3991,86.08,119.67
1025,3991,86.18,119.76
1026,3991,86.27,119.89
1027,3991,86.38,119.99
1028,3991,86.47,120.09
1029,3991,86.57,120.21
1030,3991,86.67,120.30
1031,3991,86.77,120.40
1032,3991,86.86,120.50
1033,3991,86.96,120.60
1034,3991,87.05,120.71
1035,3991,87.15,120.81
1036,3991,87.24,120.93
1037,3991,87.33,121.03
1038,3991,87.43,121.13
1039,3991,87.52,121.24
1040,3991,87.61,121.35
1041,3991,87.70,121.46
1042,3991,87.80,121.56
1043,3991,87.89,121.67
1044,3991,87.99,121.78
1045,3991,88.08,121.88
1046,3991,88.18,121.98
1047,3991,88.27,122.07
1048,3991,88.37,122.18
1049,3991,88.46,122.29
1050,3991,88.55,122.39
1051,3991,88.63,122.51
1052,3991,88.73,122.63
1053,3991,88.83,122.73
1054,3991,88.91,122.86
1055,3991,89.01,122.96
1056,3991,89.10,123.08
1057,3991,89.20,123.19
1058,3991,89.30,123.29
1059,3991,89.39,123.39
1060,3991,89.49,123.50
1061,3991,89.58,123.60
1062,3991,89.68,123.71
1063,3991,89.78,123.80
1064,3991,89.87,123.90
1065,3991,89.96,124.01
1066,3991,90.06,124.10
1067,3991,90.15,124.21
1068,3991,90.24,124.33
1069,3991,90.34,124.44
1070,3991,90.43,124.55
1071,3991,90.52,124.67
1072,3991,90.62,124.76
1073,3991,90.72,124.87
1074,3991,90.82,124.97
1075,3991,90.91,125.08
1076,3991,91.01,125.18
1077,3991,91.10,125.27
1078,3991,91.20,125.38
1079,3991,91.30,125.47
1080,3991,91.40,125.58
1081,3991,91.49,125.69
1082,3991,91.59,125.80
1083,3991,91.69,125.89
1084,3991,91.78,126.00
1085,3991,91.89,126.10
1086,3991,91.99,126.21
1087,3991,92.08,126.31
1088,3991,92.18,126.41
1089,3991,92.28,126.50
1090,3991,92.37,126.59
1091,3991,92.47,126.70
1092,3991,92.56,126.82
1093,3991,92.66,126.92
1094,3991,92.75,127.02
1095,3991,92.85,127.12
1096,3991,92.94,127.23
1097,3991,93.04,127.34
1098,3991,93.13,127.44
1099,3991,93.23,127.55
1100,3991,93.32,127.65
1101,3991,93.41,127.77
1102,3991,93.51,127.88
1103,3991,93.61,127.97
1104,3991,93.70,128.07
1105,3991,93.80,128.16
1106,3991,93.90,128.27
1107,3991,93.99,128.39
1108,3991,94.08,128.49
1109,3991,94.18,128.60
1110,3991,94.28,128.70
1111,3991,94.38,128.80
1112,3991,94.48,128.92
1113,3991,94.57,129.04
1114,3991,94.67,129.14
1115,3991,94.76,129.24
1116,3991,94.86,129.34
1117,3991,94.96,129.44
1118,3991,95.07,129.52
1119,3991,95.16,129.64
1120,3991,95.26,129.75
1121,3991,95.36,129.85
1122,3991,95.45,129.96
1123,3991,95.55,130.07
1124,3991,95.65,130.17
1125,3991,95.74,130.28
1126,3991,95.85,130.38
1127,3991,95.95,130.49
1128,3991,96.04,130.59
1129,3991,96.14,130.71
1130,3991,96.24,130.81
1131,3991,96.33,130.92
1132,3991,96.43,131.02
1133,3991,96.53,131.11
1134,3991,96.63,131.22
1135,3991,96.73,131.31
1136,3991,96.81,131.43
1137,3991,96.92,131.52
1138,3991,97.01,131.63
1139,3991,97.11,131.73
1140,3991,97.20,131.84
1141,3991,97.29,131.95
1142,3991,97.39,132.07
1143,3991,97.48,132.17
1144,3991,97.58,132.27
1145,3991,97.69,132.37
1146,3991,97.78,132.47
1147,3991,97.87,132.59
1148,3991,97.96,132.68
1149,3991,98.06,132.78
1150,3991,98.15,132.89
1151,3991,98.25,132.99
1152,3991,98.34,133.09
1153,3991,98.44,133.19
1154,3991,98.53,133.30
1155,3991,98.62,133.42
1156,3991,98.72,133.51
1157,3991,98.82,133.62
1158,3991,98.91,133.72
1159,3991,99.02,133.82
1160,3991,99.12,133.91
1161,3991,99.21,134.01
1162,3991,99.30,134.12
1163,3991,99.40,134.23
1164,3991,99.49,134.33
1165,3991,99.60,134.44
1166,3991,99.69,134.54
1167,3991,99.79,134.64
1168,3991,99.88,134.75
1169,3991,99.98,134.85
1170,3991,100.07,134.95
1171,3991,100.17,135.05
1172,3991,100.25,135.16
1173,3991,100.35,135.26
1174,3991,100.45,135.36
1175,3991,100.54,135.46
1176,3991,100.63,135.57
1177,3991,100.73,135.66
1178,3991,100.83,135.78
1179,3991,100.92,135.89
1180,3991,101.02,135.99
1181,3991,101.11,136.09
1182,3991,101.21,136.18
1183,3991,101.29,136.30
1184,3991,101.38,136.40
1185,3991,101.48,136.50
1186,3991,101.58,136.60
1187,3991,101.67,136.71
1188,3991,101.76,136.82
1189,3991,101.86,136.93
1190,3991,101.95,137.03
1191,3991,102.05,137.13
1192,3991,102.15,137.25
1193,3991,102.24,137.36
1194,3991,102.34,137.46
1195,3991,102.43,137.56
1196,3991,102.53,137.65
1197,3991,102.63,137.75
1198,3991,102.71,137.86
1199,3991,102.81,137.98
1200,3991,102.91,138.08
1201,3991,103.01,138.17
1202,3991,103.11,138.30
1203,3991,103.21,138.40
1204,3991,103.31,138.49
1205,3991,103.41,138.60
1206,3991,103.51,138.69
1207,3991,103.61,138.79
1208,3991,103.70,138.89
1209,3991,103.80,138.99
1210,3991,103.90,139.09
1211,3991,103.99,139.20
1212,3991,104.07,139.30
1213,3991,104.16,139.40
1214,3991,104.25,139.51
1215,3991,104.35,139.61
1216,3991,104.44,139.73
1217,3991,104.53,139.83
1218,3991,104.63,139.93
1219,3991,104.72,140.03
1220,3991,104.81,140.12
1221,3991,104.90,140.22
1222,3991,104.99,140.34
1223,3991,105.08,140.44
1224,3991,105.17,140.54
1225,3991,105.27,140.65
1226,3991,105.36,140.75
1227,3991,105.46,140.85
1228,3991,105.56,140.95
1229,3991,105.65,141.07
1230,3991,105.74,141.18
1231,3991,105.84,141.28
1232,3991,105.94,141.37
1233,3991,106.03,141.49
1234,3991,106.13,141.58
1235,3991,106.23,141.69
1236,3991,106.34,141.78
1237,3991,106.43,141.89
1238,3991,106.53,142.00
1239,3991,106.62,142.10
1240,3991,106.72,142.20
1241,3991,106.82,142.30
1242,3991,106.92,142.41
1243,3991,107.01,142.52
1244,3991,107.11,142.63
1245,3991,107.20,142.74
1246,3991,107.30,142.84
1247,3991,107.39,142.95
1248,3991,107.49,143.07
1249,3991,107.58,143.17
1250,3991,107.67,143.28
1251,3991,107.76,143.40
1252,3991,107.86,143.50
1253,3991,107.95,143.61
1254,3991,108.05,143.71
1255,3991,108.15,143.81
1256,3991,108.24,143.91
1257,3991,108.35,144.01
1258,3991,108.44,144.11
1259,3991,108.54,144.22
1260,3991,108.63,144.33
1261,3991,108.74,144.43
1262,3991,108.83,144.53
1263,3991,108.92,144.64
1264,3991,109.03,144.72
1265,3991,109.12,144.83
1266,3991,109.22,144.94
1267,3991,109.32,145.04
1268,3991,109.41,145.14
1269,3991,109.50,145.25
1270,3991,109.58,145.38
1271,3991,109.68,145.49
1272,3991,109.78,145.60
1273,3991,109.87,145.71
1274,3991,109.96,145.81
1275,3991,110.06,145.91
1276,3991,110.15,146.02
1277,3991,110.25,146.14
1278,3991,110.34,146.24
1279,3991,110.44,146.34
1280,3991,110.53,146.46
1281,3991,110.63,146.55
1282,3991,110.74,146.64
1283,3991,110.83,146.76
1284,3991,110.92,146.86
1285,3991,111.02,146.97
1286,3991,111.12,147.06
1287,3991,111.22,147.17
1288,3991,111.32,147.29
1289,3991,111.42,147.39
1290,3991,111.52,147.51
1291,3991,111.62,147.61
1292,3991,111.72,147.69
1293,3991,111.81,147.80
1294,3991,111.92,147.90
1295,3991,112.00,148.01
1296,3991,112.09,148.12
1297,3991,112.19,148.24
1298,3991,112.29,148.34
1299,3991,112.38,148.45
1300,3991,112.47,148.56
1301,3991,112.57,148.66
1302,3991,112.67,148.78
1303,3991,112.77,148.87
1304,3991,112.86,148.98
1305,3991,112.96,149.07
1306,3991,113.04,149.19
1307,3991,113.14,149.30
1308,3991,113.23,149.41
1309,3991,113.32,149.51
1310,3991,113.41,149.62
1311,3991,113.50,149.72
1312,3991,113.61,149.82
1313,3991,113.70,149.92
1314,3991,113.80,150.03
1315,3991,113.91,150.11
1316,3991,114.00,150.21
1317,3991,114.09,150.32
1318,3991,114.19,150.43
1319,3991,114.28,150.54
1320,3991,114.38,150.65
1321,3991,114.47,150.76
1322,3991,114.56,150.86
1323,3991,114.65,150.98
1324,3991,114.75,151.08
1325,3991,114.84,151.19
1326,3991,114.94,151.29
1327,3991,115.02,151.41
1328,3991,115.12,151.52
1329,3991,115.22,151.61
1330,3991,115.31,151.71
1331,3991,115.41,151.82
1332,3991,115.51,151.93
1333,3991,115.59,152.04
1334,3991,115.69,152.14
1335,3991,115.77,152.24
1336,3991,115.87,152.35
1337,3991,115.97,152.44
1338,3991,116.07,152.54
1339,3991,116.16,152.64
1340,3991,116.26,152.76
1341,3991,116.35,152.86
1342,3991,116.45,152.96
1343,3991,116.54,153.08
1344,3991,116.64,153.18
1345,3991,116.73,153.28
1346,3991,116.83,153.40
1347,3991,116.93,153.49
1348,3991,117.03,153.59
1349,3991,117.12,153.70
1350,3991,117.22,153.81
1351,3991,117.31,153.92
1352,3991,117.41,154.03
1353,3991,117.50,154.15
1354,3991,117.60,154.25
1355,3991,117.70,154.35
1356,3991,117.79,154.45
1357,3991,117.88,154.54
1358,3991,117.98,154.64
1359,3991,118.07,154.74
1360,3991,118.16,154.85
1361,3991,118.26,154.96
1362,3991,118.35,155.08
1363,3991,118.45,155.19
1364,3991,118.55,155.30
1365,3991,118.65,155.40
1366,3991,118.75,155.49
1367,3991,118.84,155.60
1368,3991,118.95,155.69
1369,3991,119.04,155.79
1370,3991,119.14,155.89
1371,3991,119.23,156.01
1372,3991,119.34,156.10
1373,3991,119.43,156.19
1374,3991,119.52,156.29
1375,3991,119.62,156.39
1376,3991,119.70,156.50
1377,3991,119.80,156.60
1378,3991,119.89,156.71
1379,3991,119.98,156.83
1380,3991,120.07,156.94
1381,3991,120.17,157.04
1382,3991,120.25,157.16
1383,3991,120.35,157.28
1384,3991,120.44,157.38
1385,3991,120.54,157.50
1386,3991,120.63,157.60
1387,3991,120.73,157.71
1388,3991,120.82,157.83
1389,3991,120.93,157.92
1390,3991,121.03,158.01
1391,3991,121.12,158.11
1392,3991,121.22,158.21
1393,3991,121.31,158.32
1394,3991,121.41,158.44
1395,3991,121.51,158.55
1396,3991,121.61,158.65
1397,3991,121.72,158.74
1398,3991,121.82,158.84
1399,3991,121.91,158.96
1400,3991,122.00,159.06
1401,3991,122.11,159.16
1402,3991,122.20,159.27
1403,3991,122.30,159.36
1404,3991,122.39,159.48
1405,3991,122.49,159.59
1406,3991,122.59,159.69
1407,3991,122.68,159.79
1408,3991,122.78,159.89
1409,3991,122.88,160.00
1410,3991,122.98,160.10
1411,3991,123.07,160.21
1412,3991,123.17,160.31
1413,3991,123.27,160.42
1414,3991,123.35,160.53
1415,3991,123.46,160.62
1416,3991,123.55,160.72
1417,3991,123.65,160.83
1418,3991,123.75,160.93
1419,3991,123.84,161.04
1420,3991,123.94,161.15
1421,3991,124.04,161.25
1422,3991,124.14,161.35
1423,3991,124.23,161.44
1424,3991,124.33,161.54
1425,3991,124.43,161.65
1426,3991,124.52,161.78
1427,3991,124.62,161.87
1428,3991,124.71,161.97
1429,3991,124.81,162.07
1430,3991,124.90,162.17
1431,3991,124.99,162.28
1432,3991,125.08,162.39
1433,3991,125.18,162.49
1434,3991,125.28,162.59
1435,3991,125.37,162.70
1436,3991,125.46,162.81
1437,3991,125.56,162.92
1438,3991,125.65,163.02
1439,3991,125.75,163.14
1440,3991,125.85,163.25
1441,3991,125.95,163.36
1442,3991,126.05,163.45
1443,3991,126.15,163.55
1444,3991,126.26,163.65
1445,3991,126.36,163.76
1446,3991,126.45,163.85
1447,3991,126.55,163.94
1448,3991,126.65,164.04
1449,3991,126.74,164.14
1450,3991,126.84,164.23
1451,3991,126.93,164.33
1452,3991,127.03,164.46
1453,3991,127.12,164.57
1454,3991,127.21,164.67
1455,3991,127.31,164.77
1456,3991,127.42,164.86
1457,3991,127.52,164.96
1458,3991,127.62,165.06
1459,3991,127.72,165.17
1460,3991,127.82,165.26
1461,3991,127.91,165.37
1462,3991,128.01,165.48
1463,3991,128.11,165.57
1464,3991,128.21,165.66
1465,3991,128.30,165.76
1466,3991,128.40,165.86
1467,3991,128.49,165.96
1468,3991,128.58,166.06
1469,3991,128.67,166.19
1470,3991,128.77,166.28
1471,3991,128.88,166.39
1472,3991,128.98,166.48
1473,3991,129.07,166.59
1474,3991,129.16,166.70
1475,3991,129.26,166.80
1476,3991,129.35,166.90
1477,3991,129.44,167.00
1478,3991,129.53,167.12
1479,3991,129.63,167.22
1480,3991,129.72,167.32
1481,3991,129.82,167.43
1482,3991,129.92,167.53
1483,3991,130.01,167.64
1484,3991,130.11,167.75
1485,3991,130.20,167.85
1486,3991,130.29,167.96
1487,3991,130.39,168.07
1488,3991,130.49,168.18
1489,3991,130.58,168.30
1490,3991,130.67,168.40
1491,3991,130.77,168.51
1492,3991,130.86,168.62
1493,3991,130.95,168.75
1494,3991,131.04,168.85
1495,3991,131.14,168.95
1496,3991,131.25,169.03
1497,3991,131.34,169.14
1498,3991,131.44,169.24
1499,3991,131.53,169.35
1500,3991,131.62,169.47
1501,3991,131.71,169.56
1502,3991,131.80,169.68
1503,3991,131.88,169.80
1504,3991,131.98,169.90
1505,3991,132.08,170.02
1506,3991,132.18,170.11
1507,3991,132.27,170.22
1508,3991,132.37,170.32
1509,3991,132.46,170.43
1510,3991,132.56,170.54
1511,3991,132.66,170.64
1512,3991,132.77,170.74
1513,3991,132.86,170.84
1514,3991,132.96,170.93
1515,3991,133.05,171.06
1516,3991,133.15,171.15
1517,3991,133.25,171.25
1518,3991,133.35,171.33
1519,3991,133.44,171.44
1520,3991,133.53,171.56
1521,3991,133.63,171.68
1522,3991,133.72,171.79
1523,3991,133.81,171.89
1524,3991,133.91,172.00
1525,3991,134.00,172.11
1526,3991,134.10,172.21
1527,3991,134.19,172.32
1528,3991,134.29,172.41
1529,3991,134.40,172.52
1530,3991,134.50,172.62
1531,3991,134.59,172.74
1532,3991,134.69,172.85
1533,3991,134.78,172.95
1534,3991,134.88,173.05
1535,3991,134.97,173.17
1536,3991,135.07,173.27
1537,3991,135.17,173.38
1538,3991,135.27,173.48
1539,3991,135.37,173.58
1540,3991,135.47,173.68
1541,3991,135.57,173.78
1542,3991,135.66,173.88
1543,3991,135.76,173.99
1544,3991,135.86,174.09
1545,3991,135.95,174.21
1546,3991,136.04,174.31
1547,3991,136.13,174.42
1548,3991,136.23,174.53
1549,3991,136.33,174.63
1550,3991,136.43,174.73
1551,3991,136.53,174.82
1552,3991,136.62,174.91
1553,3991,136.71,175.03
1554,3991,136.80,175.14
1555,3991,136.89,175.24
1556,3991,136.99,175.34
1557,3991,137.08,175.45
1558,3991,137.18,175.55
1559,3991,137.28,175.67
1560,3991,137.38,175.76
1561,3991,137.48,175.86
1562,3991,137.57,175.97
1563,3991,137.66,176.08
1564,3991,137.77,176.17
1565,3991,137.86,176.30
1566,3991,137.95,176.40
1567,3991,138.05,176.49
1568,3991,138.14,176.59
1569,3991,138.24,176.69
1570,3991,138.32,176.80
1571,3991,138.42,176.91
1572,3991,138.52,177.01
1573,3991,138.62,177.11
1574,3991,138.71,177.20
1575,3991,138.81,177.31
1576,3991,138.91,177.41
1577,3991,139.02,177.50
1578,3991,139.11,177.61
1579,3991,139.21,177.72
1580,3991,139.30,177.83
1581,3991,139.40,177.94
1582,3991,139.50,178.04
1583,3991,139.59,178.14
1584,3991,139.69,178.26
1585,3991,139.79,178.36
1586,3991,139.89,178.45
1587,3991,139.99,178.56
1588,3991,140.09,178.66
1589,3991,140.18,178.77
1590,3991,140.28,178.86
1591,3991,140.38,178.96
1592,3991,140.47,179.07
1593,3991,140.56,179.18
1594,3991,140.65,179.30
1595,3991,140.75,179.40
1596,3991,140.86,179.49
1597,3991,140.96,179.58
1598,3991,141.04,179.69
1599,3991,141.14,179.79
1600,3991,141.23,179.91
1601,3991,141.32,180.01
1602,3991,141.41,180.12
1603,3991,141.51,180.21
1604,3991,141.61,180.32
1605,3991,141.70,180.43
1606,3991,141.79,180.55
1607,3991,141.88,180.65
1608,3991,141.97,180.76
1609,3991,142.06,180.87
1610,3991,142.15,180.98
1611,3991,142.25,181.08
1612,3991,142.35,181.18
1613,3991,142.44,181.29
1614,3991,142.54,181.39
1615,3991,142.63,181.51
1616,3991,142.74,181.61
1617,3991,142.84,181.71
1618,3991,142.95,181.81
1619,3991,143.05,181.92
1620,3991,143.14,182.02
1621,3991,143.24,182.13
1622,3991,143.34,182.22
1623,3991,143.42,182.34
1624,3991,143.52,182.44
1625,3991,143.61,182.55
1626,3991,143.72,182.65
1627,3991,143.82,182.76
1628,3991,143.92,182.86
1629,3991,144.02,182.96
1630,3991,144.11,183.06
1631,3991,144.21,183.16
1632,3991,144.32,183.25
1633,3991,144.41,183.36
1634,3991,144.50,183.46
1635,3991,144.60,183.57
1636,3991,144.70,183.67
1637,3991,144.80,183.78
1638,3991,144.90,183.89
1639,3991,145.00,184.00
1640,3991,145.09,184.11
1641,3991,145.19,184.21
1642,3991,145.28,184.29
1643,3991,145.38,184.39
1644,3991,145.47,184.51
1645,3991,145.57,184.62
1646,3991,145.67,184.71
1647,3991,145.76,184.81
1648,3991,145.85,184.92
1649,3991,145.94,185.04
1650,3991,146.03,185.14
1651,3991,146.13,185.23
1652,3991,146.23,185.33
1653,3991,146.33,185.44
1654,3991,146.42,185.56
1655,3991,146.53,185.65
1656,3991,146.61,185.77
1657,3991,146.70,185.89
1658,3991,146.79,185.99
1659,3991,146.89,186.10
1660,3991,146.98,186.21
1661,3991,147.07,186.32
1662,3991,147.16,186.42
1663,3991,147.26,186.53
1664,3991,147.36,186.63
1665,3991,147.45,186.74
1666,3991,147.56,186.85
1667,3991,147.66,186.95
1668,3991,147.75,187.05
1669,3991,147.85,187.14
1670,3991,147.95,187.24
1671,3991,148.05,187.34
1672,3991,148.14,187.46
1673,3991,148.23,187.57
1674,3991,148.32,187.67
1675,3991,148.41,187.78
1676,3991,148.51,187.89
1677,3991,148.60,188.00
1678,3991,148.71,188.09
1679,3991,148.80,188.20
1680,3991,148.91,188.30
1681,3991,149.01,188.40
1682,3991,149.11,188.51
1683,3991,149.21,188.61
1684,3991,149.31,188.71
1685,3991,149.40,188.82
1686,3991,149.50,188.92
1687,3991,149.60,189.02
1688,3991,149.70,189.13
1689,3991,149.79,189.25
1690,3991,149.88,189.35
1691,3991,149.98,189.44
1692,3991,150.07,189.54
1693,3991,150.16,189.65
1694,3991,150.25,189.75
1695,3991,150.35,189.86
1696,3991,150.45,189.96
1697,3991,150.55,190.05
1698,3991,150.65,190.14
1699,3991,150.75,190.24
1700,3991,150.84,190.35
1701,3991,150.94,190.46
1702,3991,151.04,190.56
1703,3991,151.14,190.67
1704,3991,151.23,190.76
1705,3991,151.33,190.86
1706,3991,151.42,190.98
1707,3991,151.52,191.08
1708,3991,151.62,191.18
1709,3991,151.72,191.28
1710,3991,151.81,191.38
1711,3991,151.90,191.49
1712,3991,152.00,191.60
1713,3991,152.10,191.70
1714,3991,152.19,191.81
1715,3991,152.29,191.91
1716,3991,152.38,192.01
1717,3991,152.47,192.11
1718,3991,152.57,192.21
1719,3991,152.67,192.31
1720,3991,152.77,192.43
1721,3991,152.86,192.53
1722,3991,152.96,192.62
1723,3991,153.05,192.73
1724,3991,153.14,192.83
1725,3991,153.25,192.93
1726,3991,153.34,193.03
1727,3991,153.45,193.12
1728,3991,153.54,193.23
1729,3991,153.63,193.34
1730,3991,153.71,193.46
1731,3991,153.81,193.56
1732,3991,153.90,193.68
1733,3991,154.00,193.78
1734,3991,154.08,193.91
1735,3991,154.18,194.00
1736,3991,154.28,194.11
1737,3991,154.37,194.20
1738,3991,154.47,194.31
1739,3991,154.57,194.42
1740,3991,154.67,194.51
1741,3991,154.77,194.61
1742,3991,154.86,194.72
1743,3991,154.95,194.83
1744,3991,155.04,194.94
1745,3991,155.13,195.04
1746,3991,155.22,195.15
1747,3991,155.31,195.26
1748,3991,155.41,195.37
1749,3991,155.51,195.47
1750,3991,155.60,195.58
1751,3991,155.70,195.69
1752,3991,155.79,195.80
1753,3991,155.89,195.91
1754,3991,155.98,196.02
1755,3991,156.07,196.12
1756,3991,156.16,196.23
1757,3991,156.25,196.34
1758,3991,156.34,196.45
1759,3991,156.43,196.54
1760,3991,156.52,196.66
1761,3991,156.63,196.76
1762,3991,156.73,196.86
1763,3991,156.82,196.98
1764,3991,156.91,197.10
1765,3991,157.01,197.20
1766,3991,157.11,197.30
1767,3991,157.21,197.41
1768,3991,157.30,197.51
1769,3991,157.40,197.62
1770,3991,157.50,197.72
1771,3991,157.59,197.82
1772,3991,157.67,197.94
1773,3991,157.77,198.04
1774,3991,157.87,198.15
1775,3991,157.96,198.24
1776,3991,158.05,198.35
1777,3991,158.15,198.44
1778,3991,158.24,198.54
1779,3991,158.33,198.66
1780,3991,158.43,198.77
1781,3991,158.52,198.88
1782,3991,158.62,198.98
1783,3991,158.72,199.08
1784,3991,158.81,199.18
1785,3991,158.91,199.28
1786,3991,159.01,199.38
1787,3991,159.11,199.48
1788,3991,159.20,199.60
1789,3991,159.30,199.72
1790,3991,159.40,199.81
1791,3991,159.50,199.90
1792,3991,159.60,200.00
1793,3991,159.70,200.10
1794,3991,159.79,200.20
1795,3991,159.90,200.29
1796,3991,159.99,200.39
1797,3991,160.08,200.50
1798,3991,160.18,200.60
1799,3991,160.26,200.72
1800,3991,160.36,200.82
1801,3991,160.45,200.91
1802,3991,160.55,201.01
1803,3991,160.65,201.10
1804,3991,160.74,201.19
1805,3991,160.83,201.31
1806,3991,160.93,201.40
1807,3991,161.02,201.51
1808,3991,161.11,201.62
1809,3991,161.20,201.73
1810,3991,161.30,201.82
1811,3991,161.39,201.93
1812,3991,161.49,202.03
1813,3991,161.58,202.14
1814,3991,161.68,202.25
1815,3991,161.77,202.35
1816,3991,161.86,202.45
1817,3991,161.96,202.56
1818,3991,162.05,202.67
1819,3991,162.15,202.76
1820,3991,162.25,202.85
1821,3991,162.34,202.96
1822,3991,162.43,203.06
1823,3991,162.53,203.19
1824,3991,162.63,203.31
1825,3991,162.73,203.40
